{
    "ил": 0.2218487496163564,
    "сегалович": 0.2218487496163564,
    "род": 0.3979400086720376,
    "сем": 0.3979400086720376,
    "советск": 0.3979400086720376,
    "геофизик": 0.3979400086720376,
    "детств": 0.3979400086720376,
    "провел": 0.3979400086720376,
    "казахстан": 0.3979400086720376,
    "республиканск": 0.3979400086720376,
    "школ": 0.3979400086720376,
    "познаком": 0.3979400086720376,
    "будущ": 0.3979400086720376,
    "соосновател": 0.3979400086720376,
    "яндекс": 0.2218487496163564,
    "аркад": 0.3979400086720376,
    "волож": 0.3979400086720376,
    "1981": 0.3979400086720376,
    "год": 0.3979400086720376,
    "поступ": 0.3979400086720376,
    "московск": 0.3979400086720376,
    "геологоразведочн": 0.3979400086720376,
    "институт": 0.3979400086720376,
    "сам": 0.3979400086720376,
    "основан": 0.3979400086720376,
    "сво": 0.3979400086720376,
    "смерт": 0.3979400086720376,
    "занима": 0.3979400086720376,
    "позиц": 0.3979400086720376,
    "директор": 0.3979400086720376,
    "технолог": 0.2218487496163564,
    "ключев": 0.3979400086720376,
    "архитектор": 0.3979400086720376,
    "поисков": 0.3979400086720376,
    "инициатор": 0.3979400086720376,
    "мног": 0.3979400086720376,
    "продукт": 0.3979400086720376,
    "компан": 0.3979400086720376,
    "например": 0.3979400086720376,
    "голосов": 0.3979400086720376,
    "помощник": 0.3979400086720376,
    "алис": 0.3979400086720376,
    "беспилотн": 0.3979400086720376,
    "автомобил": 0.3979400086720376
}